-- MySQL dump 10.13  Distrib 5.6.17, for Win64 (x86_64)
--
-- Host: localhost    Database: ISC
-- ------------------------------------------------------
-- Server version	5.6.17-log

/*!40101 SET @OLD_CHARACTER_SET_CLIENT=@@CHARACTER_SET_CLIENT */;
/*!40101 SET @OLD_CHARACTER_SET_RESULTS=@@CHARACTER_SET_RESULTS */;
/*!40101 SET @OLD_COLLATION_CONNECTION=@@COLLATION_CONNECTION */;
/*!40101 SET NAMES utf8 */;
/*!40103 SET @OLD_TIME_ZONE=@@TIME_ZONE */;
/*!40103 SET TIME_ZONE='+00:00' */;
/*!40014 SET @OLD_UNIQUE_CHECKS=@@UNIQUE_CHECKS, UNIQUE_CHECKS=0 */;
/*!40014 SET @OLD_FOREIGN_KEY_CHECKS=@@FOREIGN_KEY_CHECKS, FOREIGN_KEY_CHECKS=0 */;
/*!40101 SET @OLD_SQL_MODE=@@SQL_MODE, SQL_MODE='NO_AUTO_VALUE_ON_ZERO' */;
/*!40111 SET @OLD_SQL_NOTES=@@SQL_NOTES, SQL_NOTES=0 */;

--
-- Table structure for table `administrativo`
--

DROP TABLE IF EXISTS `administrativo`;
/*!40101 SET @saved_cs_client     = @@character_set_client */;
/*!40101 SET character_set_client = utf8 */;
CREATE TABLE `administrativo` (
  `nombre` varchar(15) DEFAULT NULL,
  `apellido1` varchar(15) DEFAULT NULL,
  `apellido2` varchar(15) DEFAULT NULL,
  `telefono` char(11) DEFAULT NULL,
  `direccion` varchar(30) DEFAULT NULL,
  `matricula` char(10) NOT NULL DEFAULT '',
  PRIMARY KEY (`matricula`)
) ENGINE=InnoDB DEFAULT CHARSET=utf8;
/*!40101 SET character_set_client = @saved_cs_client */;

--
-- Dumping data for table `administrativo`
--

LOCK TABLES `administrativo` WRITE;
/*!40000 ALTER TABLE `administrativo` DISABLE KEYS */;
INSERT INTO `administrativo` VALUES ('Gabriel','Fernandes',' Flores','433880250','barrio la pila','1111111111');
/*!40000 ALTER TABLE `administrativo` ENABLE KEYS */;
UNLOCK TABLES;
/*!50003 SET @saved_cs_client      = @@character_set_client */ ;
/*!50003 SET @saved_cs_results     = @@character_set_results */ ;
/*!50003 SET @saved_col_connection = @@collation_connection */ ;
/*!50003 SET character_set_client  = cp850 */ ;
/*!50003 SET character_set_results = cp850 */ ;
/*!50003 SET collation_connection  = cp850_general_ci */ ;
/*!50003 SET @saved_sql_mode       = @@sql_mode */ ;
/*!50003 SET sql_mode              = 'STRICT_TRANS_TABLES,NO_AUTO_CREATE_USER,NO_ENGINE_SUBSTITUTION' */ ;
DELIMITER ;;
/*!50003 CREATE*/ /*!50017 DEFINER=`root`@`localhost`*/ /*!50003 TRIGGER bitacora AFTER INSERT ON administrativo
FOR EACH ROW INSERT INTO bitacora(host, usuario, operacion, modificado, tabla) VALUES (SUBSTRING(USER(), (INSTR(USER(),'@')+1)), SUBSTRING(USER(),1,(instr(user(),'@')-1)), "INSERTAR", NOW(), "ADMINISTRATIVO") */;;
DELIMITER ;
/*!50003 SET sql_mode              = @saved_sql_mode */ ;
/*!50003 SET character_set_client  = @saved_cs_client */ ;
/*!50003 SET character_set_results = @saved_cs_results */ ;
/*!50003 SET collation_connection  = @saved_col_connection */ ;
/*!50003 SET @saved_cs_client      = @@character_set_client */ ;
/*!50003 SET @saved_cs_results     = @@character_set_results */ ;
/*!50003 SET @saved_col_connection = @@collation_connection */ ;
/*!50003 SET character_set_client  = cp850 */ ;
/*!50003 SET character_set_results = cp850 */ ;
/*!50003 SET collation_connection  = cp850_general_ci */ ;
/*!50003 SET @saved_sql_mode       = @@sql_mode */ ;
/*!50003 SET sql_mode              = 'STRICT_TRANS_TABLES,NO_AUTO_CREATE_USER,NO_ENGINE_SUBSTITUTION' */ ;
DELIMITER ;;
/*!50003 CREATE*/ /*!50017 DEFINER=`root`@`localhost`*/ /*!50003 TRIGGER bitacoraupadmin AFTER UPDATE ON administrativo
FOR EACH ROW INSERT INTO bitacora(host, usuario, operacion, modificado, tabla) VALUES (SUBSTRING(USER(), (INSTR(USER(),'@')+1)), SUBSTRING(USER(),1,(instr(user(),'@')-1)), "ACTUALIZAR", NOW(), "ADMINISTRATIVO") */;;
DELIMITER ;
/*!50003 SET sql_mode              = @saved_sql_mode */ ;
/*!50003 SET character_set_client  = @saved_cs_client */ ;
/*!50003 SET character_set_results = @saved_cs_results */ ;
/*!50003 SET collation_connection  = @saved_col_connection */ ;
/*!50003 SET @saved_cs_client      = @@character_set_client */ ;
/*!50003 SET @saved_cs_results     = @@character_set_results */ ;
/*!50003 SET @saved_col_connection = @@collation_connection */ ;
/*!50003 SET character_set_client  = cp850 */ ;
/*!50003 SET character_set_results = cp850 */ ;
/*!50003 SET collation_connection  = cp850_general_ci */ ;
/*!50003 SET @saved_sql_mode       = @@sql_mode */ ;
/*!50003 SET sql_mode              = 'STRICT_TRANS_TABLES,NO_AUTO_CREATE_USER,NO_ENGINE_SUBSTITUTION' */ ;
DELIMITER ;;
/*!50003 CREATE*/ /*!50017 DEFINER=`root`@`localhost`*/ /*!50003 TRIGGER bitacoradeladmin AFTER DELETE ON administrativo
FOR EACH ROW INSERT INTO bitacora(host, usuario, operacion, modificado, tabla) VALUES (SUBSTRING(USER(), (INSTR(USER(),'@')+1)), SUBSTRING(USER(),1,(instr(user(),'@')-1)), "ELIMINAR", NOW(), "ADMINISTRATIVO") */;;
DELIMITER ;
/*!50003 SET sql_mode              = @saved_sql_mode */ ;
/*!50003 SET character_set_client  = @saved_cs_client */ ;
/*!50003 SET character_set_results = @saved_cs_results */ ;
/*!50003 SET collation_connection  = @saved_col_connection */ ;

--
-- Table structure for table `bitacora`
--

DROP TABLE IF EXISTS `bitacora`;
/*!40101 SET @saved_cs_client     = @@character_set_client */;
/*!40101 SET character_set_client = utf8 */;
CREATE TABLE `bitacora` (
  `id` int(11) NOT NULL AUTO_INCREMENT,
  `operacion` varchar(10) DEFAULT NULL,
  `usuario` varchar(40) DEFAULT NULL,
  `host` varchar(30) NOT NULL,
  `modificado` datetime DEFAULT NULL,
  `tabla` varchar(40) NOT NULL,
  PRIMARY KEY (`id`)
) ENGINE=InnoDB AUTO_INCREMENT=24 DEFAULT CHARSET=latin1;
/*!40101 SET character_set_client = @saved_cs_client */;

--
-- Dumping data for table `bitacora`
--

LOCK TABLES `bitacora` WRITE;
/*!40000 ALTER TABLE `bitacora` DISABLE KEYS */;
INSERT INTO `bitacora` VALUES (1,'INSERTAR','root','localhost','2014-04-28 22:02:28','ADMINISTRATIVO'),(2,'INSERTAR','root','localhost','2014-04-29 09:08:42','DATOSESCOLARES'),(3,'INSERTAR','root','localhost','2014-04-29 09:12:21','DATOSPERSONALES'),(4,'INSERTAR','cris','localhost','2014-04-29 09:26:57','DIRECLOCAL'),(5,'INSERTAR','cris','localhost','2014-04-29 09:28:49','DIRECFORANEA'),(6,'INSERTAR','cris','localhost','2014-04-29 09:33:43','DATOSPERSONALES'),(7,'INSERTAR','cris','localhost','2014-04-29 09:41:02','DATOSESCOLARES'),(8,'INSERTAR','cris','localhost','2014-04-29 09:41:06','DATOSPERSONALES'),(9,'INSERTAR','cris','localhost','2014-04-29 09:42:10','DIRECLOCAL'),(10,'ACTUALIZAR','root','localhost','2014-04-29 09:49:18','DATOSPERSONALES'),(11,'ACTUALIZAR','root','localhost','2014-04-29 09:49:46','DATOSPERSONALES'),(12,'INSERTAR','root','localhost','2014-04-29 10:06:26','DATOSESCOLARES'),(13,'INSERTAR','root','localhost','2014-04-29 10:08:17','DATOSPERSONALES'),(14,'INSERTAR','root','localhost','2014-04-29 10:10:21','DIRECFORANEA'),(15,'INSERTAR','root','localhost','2014-04-29 10:11:14','DIRECFORANEA'),(16,'INSERTAR','root','localhost','2014-04-29 10:13:01','DATOSPERSONALES'),(17,'INSERTAR','root','localhost','2014-04-29 10:13:42','DIRECFORANEA'),(18,'INSERTAR','root','localhost','2014-04-29 10:14:44','DIRECLOCAL'),(19,'INSERTAR','root','localhost','2014-04-29 10:48:29','DATOSESCOLARES'),(20,'INSERTAR','root','localhost','2014-05-07 10:41:10','DATOSESCOLARES'),(21,'INSERTAR','root','localhost','2014-05-07 10:41:14','DIRECFORANEA'),(22,'ELIMINAR','root','localhost','2014-05-07 10:42:51','DIRECFORANEA'),(23,'ELIMINAR','root','localhost','2014-05-07 10:43:05','DATOSESCOLARES');
/*!40000 ALTER TABLE `bitacora` ENABLE KEYS */;
UNLOCK TABLES;

--
-- Table structure for table `datosescolares`
--

DROP TABLE IF EXISTS `datosescolares`;
/*!40101 SET @saved_cs_client     = @@character_set_client */;
/*!40101 SET character_set_client = utf8 */;
CREATE TABLE `datosescolares` (
  `matricula` char(8) NOT NULL,
  `grado` char(2) DEFAULT NULL,
  `incidencias` varchar(30) DEFAULT NULL,
  `promedio` int(2) DEFAULT NULL,
  `creditos` char(2) DEFAULT NULL,
  `actextracurri` varchar(30) DEFAULT NULL,
  PRIMARY KEY (`matricula`)
) ENGINE=InnoDB DEFAULT CHARSET=utf8;
/*!40101 SET character_set_client = @saved_cs_client */;

--
-- Dumping data for table `datosescolares`
--

LOCK TABLES `datosescolares` WRITE;
/*!40000 ALTER TABLE `datosescolares` DISABLE KEYS */;
INSERT INTO `datosescolares` VALUES ('11040035','6','deve 3',80,'3','boli-bol'),('11040036','6','no deve',95,'3','fotografia'),('11040039','6','no debe',88,'3','fut-ball'),('11040041','6','regular',94,'1','fotografia'),('11040042','6','no deve',84,'3','charreria'),('11040045','6','deve 1',90,'3','ful-bol'),('11040049','6','deve 3',79,'3','voli-bol');
/*!40000 ALTER TABLE `datosescolares` ENABLE KEYS */;
UNLOCK TABLES;
/*!50003 SET @saved_cs_client      = @@character_set_client */ ;
/*!50003 SET @saved_cs_results     = @@character_set_results */ ;
/*!50003 SET @saved_col_connection = @@collation_connection */ ;
/*!50003 SET character_set_client  = utf8 */ ;
/*!50003 SET character_set_results = utf8 */ ;
/*!50003 SET collation_connection  = utf8_general_ci */ ;
/*!50003 SET @saved_sql_mode       = @@sql_mode */ ;
/*!50003 SET sql_mode              = 'STRICT_TRANS_TABLES,NO_AUTO_CREATE_USER,NO_ENGINE_SUBSTITUTION' */ ;
DELIMITER ;;
/*!50003 CREATE*/ /*!50017 DEFINER=`root`@`localhost`*/ /*!50003 TRIGGER bitacorainesc AFTER INSERT ON datosescolares
FOR EACH ROW INSERT INTO bitacora(host, usuario, operacion, modificado, tabla) VALUES (SUBSTRING(USER(), (INSTR(USER(),'@')+1)), SUBSTRING(USER(),1,(instr(user(),'@')-1)), "INSERTAR", NOW(), "DATOSESCOLARES") */;;
DELIMITER ;
/*!50003 SET sql_mode              = @saved_sql_mode */ ;
/*!50003 SET character_set_client  = @saved_cs_client */ ;
/*!50003 SET character_set_results = @saved_cs_results */ ;
/*!50003 SET collation_connection  = @saved_col_connection */ ;
/*!50003 SET @saved_cs_client      = @@character_set_client */ ;
/*!50003 SET @saved_cs_results     = @@character_set_results */ ;
/*!50003 SET @saved_col_connection = @@collation_connection */ ;
/*!50003 SET character_set_client  = utf8 */ ;
/*!50003 SET character_set_results = utf8 */ ;
/*!50003 SET collation_connection  = utf8_general_ci */ ;
/*!50003 SET @saved_sql_mode       = @@sql_mode */ ;
/*!50003 SET sql_mode              = 'STRICT_TRANS_TABLES,NO_AUTO_CREATE_USER,NO_ENGINE_SUBSTITUTION' */ ;
DELIMITER ;;
/*!50003 CREATE*/ /*!50017 DEFINER=`root`@`localhost`*/ /*!50003 TRIGGER bitacoraupesc AFTER UPDATE ON datosescolares
FOR EACH ROW INSERT INTO bitacora(host, usuario, operacion, modificado, tabla) VALUES (SUBSTRING(USER(), (INSTR(USER(),'@')+1)), SUBSTRING(USER(),1,(instr(user(),'@')-1)), "ACTUALIZAR", NOW(), "DATOSESCOLARES") */;;
DELIMITER ;
/*!50003 SET sql_mode              = @saved_sql_mode */ ;
/*!50003 SET character_set_client  = @saved_cs_client */ ;
/*!50003 SET character_set_results = @saved_cs_results */ ;
/*!50003 SET collation_connection  = @saved_col_connection */ ;
/*!50003 SET @saved_cs_client      = @@character_set_client */ ;
/*!50003 SET @saved_cs_results     = @@character_set_results */ ;
/*!50003 SET @saved_col_connection = @@collation_connection */ ;
/*!50003 SET character_set_client  = utf8 */ ;
/*!50003 SET character_set_results = utf8 */ ;
/*!50003 SET collation_connection  = utf8_general_ci */ ;
/*!50003 SET @saved_sql_mode       = @@sql_mode */ ;
/*!50003 SET sql_mode              = 'STRICT_TRANS_TABLES,NO_AUTO_CREATE_USER,NO_ENGINE_SUBSTITUTION' */ ;
DELIMITER ;;
/*!50003 CREATE*/ /*!50017 DEFINER=`root`@`localhost`*/ /*!50003 TRIGGER bitacoradelesc AFTER DELETE ON datosescolares
FOR EACH ROW INSERT INTO bitacora(host, usuario, operacion, modificado, tabla) VALUES (SUBSTRING(USER(), (INSTR(USER(),'@')+1)), SUBSTRING(USER(),1,(instr(user(),'@')-1)), "ELIMINAR", NOW(), "DATOSESCOLARES") */;;
DELIMITER ;
/*!50003 SET sql_mode              = @saved_sql_mode */ ;
/*!50003 SET character_set_client  = @saved_cs_client */ ;
/*!50003 SET character_set_results = @saved_cs_results */ ;
/*!50003 SET collation_connection  = @saved_col_connection */ ;

--
-- Table structure for table `datospersonales`
--

DROP TABLE IF EXISTS `datospersonales`;
/*!40101 SET @saved_cs_client     = @@character_set_client */;
/*!40101 SET character_set_client = utf8 */;
CREATE TABLE `datospersonales` (
  `num_control` char(8) NOT NULL,
  `nombre` varchar(15) DEFAULT NULL,
  `apellido1` varchar(15) DEFAULT NULL,
  `apellido2` varchar(15) DEFAULT NULL,
  `edad` char(2) DEFAULT NULL,
  `sexo` char(1) DEFAULT NULL,
  `telefono` char(11) DEFAULT NULL,
  `direccion` varchar(30) DEFAULT NULL,
  `estadocivil` char(10) DEFAULT NULL,
  `e_mail` varchar(30) DEFAULT NULL,
  KEY `num_control` (`num_control`),
  CONSTRAINT `datospersonales_ibfk_1` FOREIGN KEY (`num_control`) REFERENCES `datosescolares` (`matricula`)
) ENGINE=InnoDB DEFAULT CHARSET=utf8;
/*!40101 SET character_set_client = @saved_cs_client */;

--
-- Dumping data for table `datospersonales`
--

LOCK TABLES `datospersonales` WRITE;
/*!40000 ALTER TABLE `datospersonales` DISABLE KEYS */;
INSERT INTO `datospersonales` VALUES ('11040042','Gabriela','Quintanar','Chavez','22','F','331024339','genaro codina #126','soltera','gabichavez_21@hotmail.com'),('11040045','Jose','Rosales','Acevedo','21','M','4338803328','calle aguila','casado','churros_64_92_@hotmail.com'),('11040039','Aurelio','Hernandes','Briones','20','M','4338804558','cristobal dominguez','soltero','saoa_taoem@hotmail.com'),('11040049','Cristian','Talavera','Matinez','20','M','4331059187','calle agula','soltero','cristian.chivista@hotmail.com'),('11040035','Cesar','Cisneros','Matinez','23','M','4331059187','calle aguila','soltero','cesar@hotmail.com');
/*!40000 ALTER TABLE `datospersonales` ENABLE KEYS */;
UNLOCK TABLES;
/*!50003 SET @saved_cs_client      = @@character_set_client */ ;
/*!50003 SET @saved_cs_results     = @@character_set_results */ ;
/*!50003 SET @saved_col_connection = @@collation_connection */ ;
/*!50003 SET character_set_client  = utf8 */ ;
/*!50003 SET character_set_results = utf8 */ ;
/*!50003 SET collation_connection  = utf8_general_ci */ ;
/*!50003 SET @saved_sql_mode       = @@sql_mode */ ;
/*!50003 SET sql_mode              = 'STRICT_TRANS_TABLES,NO_AUTO_CREATE_USER,NO_ENGINE_SUBSTITUTION' */ ;
DELIMITER ;;
/*!50003 CREATE*/ /*!50017 DEFINER=`root`@`localhost`*/ /*!50003 TRIGGER bitacorainper AFTER INSERT ON datospersonales
FOR EACH ROW INSERT INTO bitacora(host, usuario, operacion, modificado, tabla) VALUES (SUBSTRING(USER(), (INSTR(USER(),'@')+1)), SUBSTRING(USER(),1,(instr(user(),'@')-1)), "INSERTAR", NOW(), "DATOSPERSONALES") */;;
DELIMITER ;
/*!50003 SET sql_mode              = @saved_sql_mode */ ;
/*!50003 SET character_set_client  = @saved_cs_client */ ;
/*!50003 SET character_set_results = @saved_cs_results */ ;
/*!50003 SET collation_connection  = @saved_col_connection */ ;
/*!50003 SET @saved_cs_client      = @@character_set_client */ ;
/*!50003 SET @saved_cs_results     = @@character_set_results */ ;
/*!50003 SET @saved_col_connection = @@collation_connection */ ;
/*!50003 SET character_set_client  = utf8 */ ;
/*!50003 SET character_set_results = utf8 */ ;
/*!50003 SET collation_connection  = utf8_general_ci */ ;
/*!50003 SET @saved_sql_mode       = @@sql_mode */ ;
/*!50003 SET sql_mode              = 'STRICT_TRANS_TABLES,NO_AUTO_CREATE_USER,NO_ENGINE_SUBSTITUTION' */ ;
DELIMITER ;;
/*!50003 CREATE*/ /*!50017 DEFINER=`root`@`localhost`*/ /*!50003 TRIGGER bitacoraupper AFTER UPDATE ON datospersonales
FOR EACH ROW INSERT INTO bitacora(host, usuario, operacion, modificado, tabla) VALUES (SUBSTRING(USER(), (INSTR(USER(),'@')+1)), SUBSTRING(USER(),1,(instr(user(),'@')-1)), "ACTUALIZAR", NOW(), "DATOSPERSONALES") */;;
DELIMITER ;
/*!50003 SET sql_mode              = @saved_sql_mode */ ;
/*!50003 SET character_set_client  = @saved_cs_client */ ;
/*!50003 SET character_set_results = @saved_cs_results */ ;
/*!50003 SET collation_connection  = @saved_col_connection */ ;
/*!50003 SET @saved_cs_client      = @@character_set_client */ ;
/*!50003 SET @saved_cs_results     = @@character_set_results */ ;
/*!50003 SET @saved_col_connection = @@collation_connection */ ;
/*!50003 SET character_set_client  = utf8 */ ;
/*!50003 SET character_set_results = utf8 */ ;
/*!50003 SET collation_connection  = utf8_general_ci */ ;
/*!50003 SET @saved_sql_mode       = @@sql_mode */ ;
/*!50003 SET sql_mode              = 'STRICT_TRANS_TABLES,NO_AUTO_CREATE_USER,NO_ENGINE_SUBSTITUTION' */ ;
DELIMITER ;;
/*!50003 CREATE*/ /*!50017 DEFINER=`root`@`localhost`*/ /*!50003 TRIGGER bitacoradelper AFTER DELETE ON datospersonales
FOR EACH ROW INSERT INTO bitacora(host, usuario, operacion, modificado, tabla) VALUES (SUBSTRING(USER(), (INSTR(USER(),'@')+1)), SUBSTRING(USER(),1,(instr(user(),'@')-1)), "ELIMINAR", NOW(), "DATOSPERSONALES") */;;
DELIMITER ;
/*!50003 SET sql_mode              = @saved_sql_mode */ ;
/*!50003 SET character_set_client  = @saved_cs_client */ ;
/*!50003 SET character_set_results = @saved_cs_results */ ;
/*!50003 SET collation_connection  = @saved_col_connection */ ;

--
-- Table structure for table `direcforanea`
--

DROP TABLE IF EXISTS `direcforanea`;
/*!40101 SET @saved_cs_client     = @@character_set_client */;
/*!40101 SET character_set_client = utf8 */;
CREATE TABLE `direcforanea` (
  `num_control` char(8) NOT NULL,
  `calle` varchar(25) DEFAULT NULL,
  `numero` char(5) DEFAULT NULL,
  `localidad` varchar(25) DEFAULT NULL,
  `estado` varchar(20) DEFAULT NULL,
  `colonia` varchar(20) DEFAULT NULL,
  KEY `num_control` (`num_control`),
  CONSTRAINT `direcforanea_ibfk_1` FOREIGN KEY (`num_control`) REFERENCES `datosescolares` (`matricula`)
) ENGINE=InnoDB DEFAULT CHARSET=utf8;
/*!40101 SET character_set_client = @saved_cs_client */;

--
-- Dumping data for table `direcforanea`
--

LOCK TABLES `direcforanea` WRITE;
/*!40000 ALTER TABLE `direcforanea` DISABLE KEYS */;
INSERT INTO `direcforanea` VALUES ('11040045','calle aguila','s/n','sombrerete','zacatecas','centro'),('11040049','calle epifaneo esparza','703','vicente guerrero','durango','centro'),('11040049','francisco mora','int 1','sombrerete','zacatecas','centro'),('11040035','saus de arriva','s/n','jimenes','zacatecas','saus de arriva');
/*!40000 ALTER TABLE `direcforanea` ENABLE KEYS */;
UNLOCK TABLES;
/*!50003 SET @saved_cs_client      = @@character_set_client */ ;
/*!50003 SET @saved_cs_results     = @@character_set_results */ ;
/*!50003 SET @saved_col_connection = @@collation_connection */ ;
/*!50003 SET character_set_client  = utf8 */ ;
/*!50003 SET character_set_results = utf8 */ ;
/*!50003 SET collation_connection  = utf8_general_ci */ ;
/*!50003 SET @saved_sql_mode       = @@sql_mode */ ;
/*!50003 SET sql_mode              = 'STRICT_TRANS_TABLES,NO_AUTO_CREATE_USER,NO_ENGINE_SUBSTITUTION' */ ;
DELIMITER ;;
/*!50003 CREATE*/ /*!50017 DEFINER=`root`@`localhost`*/ /*!50003 TRIGGER bitacorainfor AFTER INSERT ON direcforanea
FOR EACH ROW INSERT INTO bitacora(host, usuario, operacion, modificado, tabla) VALUES (SUBSTRING(USER(), (INSTR(USER(),'@')+1)), SUBSTRING(USER(),1,(instr(user(),'@')-1)), "INSERTAR", NOW(), "DIRECFORANEA") */;;
DELIMITER ;
/*!50003 SET sql_mode              = @saved_sql_mode */ ;
/*!50003 SET character_set_client  = @saved_cs_client */ ;
/*!50003 SET character_set_results = @saved_cs_results */ ;
/*!50003 SET collation_connection  = @saved_col_connection */ ;
/*!50003 SET @saved_cs_client      = @@character_set_client */ ;
/*!50003 SET @saved_cs_results     = @@character_set_results */ ;
/*!50003 SET @saved_col_connection = @@collation_connection */ ;
/*!50003 SET character_set_client  = utf8 */ ;
/*!50003 SET character_set_results = utf8 */ ;
/*!50003 SET collation_connection  = utf8_general_ci */ ;
/*!50003 SET @saved_sql_mode       = @@sql_mode */ ;
/*!50003 SET sql_mode              = 'STRICT_TRANS_TABLES,NO_AUTO_CREATE_USER,NO_ENGINE_SUBSTITUTION' */ ;
DELIMITER ;;
/*!50003 CREATE*/ /*!50017 DEFINER=`root`@`localhost`*/ /*!50003 TRIGGER bitacoraupfor AFTER UPDATE ON direcforanea
FOR EACH ROW INSERT INTO bitacora(host, usuario, operacion, modificado, tabla) VALUES (SUBSTRING(USER(), (INSTR(USER(),'@')+1)), SUBSTRING(USER(),1,(instr(user(),'@')-1)), "ACTUALIZAR", NOW(), "DIRECFORANEA") */;;
DELIMITER ;
/*!50003 SET sql_mode              = @saved_sql_mode */ ;
/*!50003 SET character_set_client  = @saved_cs_client */ ;
/*!50003 SET character_set_results = @saved_cs_results */ ;
/*!50003 SET collation_connection  = @saved_col_connection */ ;
/*!50003 SET @saved_cs_client      = @@character_set_client */ ;
/*!50003 SET @saved_cs_results     = @@character_set_results */ ;
/*!50003 SET @saved_col_connection = @@collation_connection */ ;
/*!50003 SET character_set_client  = utf8 */ ;
/*!50003 SET character_set_results = utf8 */ ;
/*!50003 SET collation_connection  = utf8_general_ci */ ;
/*!50003 SET @saved_sql_mode       = @@sql_mode */ ;
/*!50003 SET sql_mode              = 'STRICT_TRANS_TABLES,NO_AUTO_CREATE_USER,NO_ENGINE_SUBSTITUTION' */ ;
DELIMITER ;;
/*!50003 CREATE*/ /*!50017 DEFINER=`root`@`localhost`*/ /*!50003 TRIGGER bitacoradelfor AFTER DELETE ON direcforanea
FOR EACH ROW INSERT INTO bitacora(host, usuario, operacion, modificado, tabla) VALUES (SUBSTRING(USER(), (INSTR(USER(),'@')+1)), SUBSTRING(USER(),1,(instr(user(),'@')-1)), "ELIMINAR", NOW(), "DIRECFORANEA") */;;
DELIMITER ;
/*!50003 SET sql_mode              = @saved_sql_mode */ ;
/*!50003 SET character_set_client  = @saved_cs_client */ ;
/*!50003 SET character_set_results = @saved_cs_results */ ;
/*!50003 SET collation_connection  = @saved_col_connection */ ;

--
-- Table structure for table `direclocal`
--

DROP TABLE IF EXISTS `direclocal`;
/*!40101 SET @saved_cs_client     = @@character_set_client */;
/*!40101 SET character_set_client = utf8 */;
CREATE TABLE `direclocal` (
  `num_control` char(8) NOT NULL,
  `calle` varchar(25) DEFAULT NULL,
  `numero` char(5) DEFAULT NULL,
  `localidad` varchar(25) DEFAULT NULL,
  `estado` varchar(20) DEFAULT NULL,
  `colonia` varchar(20) DEFAULT NULL,
  KEY `num_control` (`num_control`),
  CONSTRAINT `direclocal_ibfk_1` FOREIGN KEY (`num_control`) REFERENCES `datosescolares` (`matricula`)
) ENGINE=InnoDB DEFAULT CHARSET=utf8;
/*!40101 SET character_set_client = @saved_cs_client */;

--
-- Dumping data for table `direclocal`
--

LOCK TABLES `direclocal` WRITE;
/*!40000 ALTER TABLE `direclocal` DISABLE KEYS */;
INSERT INTO `direclocal` VALUES ('11040045','belizario dominguez','s/n','suchil','durango','emiliano zapata'),('11040039','cristobal Dominguez','57','sombrerete','zacatecas','el coronel'),('11040035','fransisco mora','s/n','sombrerete','zacatecas','centro');
/*!40000 ALTER TABLE `direclocal` ENABLE KEYS */;
UNLOCK TABLES;
/*!50003 SET @saved_cs_client      = @@character_set_client */ ;
/*!50003 SET @saved_cs_results     = @@character_set_results */ ;
/*!50003 SET @saved_col_connection = @@collation_connection */ ;
/*!50003 SET character_set_client  = utf8 */ ;
/*!50003 SET character_set_results = utf8 */ ;
/*!50003 SET collation_connection  = utf8_general_ci */ ;
/*!50003 SET @saved_sql_mode       = @@sql_mode */ ;
/*!50003 SET sql_mode              = 'STRICT_TRANS_TABLES,NO_AUTO_CREATE_USER,NO_ENGINE_SUBSTITUTION' */ ;
DELIMITER ;;
/*!50003 CREATE*/ /*!50017 DEFINER=`root`@`localhost`*/ /*!50003 TRIGGER bitacorainloc AFTER INSERT ON direclocal
FOR EACH ROW INSERT INTO bitacora(host, usuario, operacion, modificado, tabla) VALUES (SUBSTRING(USER(), (INSTR(USER(),'@')+1)), SUBSTRING(USER(),1,(instr(user(),'@')-1)), "INSERTAR", NOW(), "DIRECLOCAL") */;;
DELIMITER ;
/*!50003 SET sql_mode              = @saved_sql_mode */ ;
/*!50003 SET character_set_client  = @saved_cs_client */ ;
/*!50003 SET character_set_results = @saved_cs_results */ ;
/*!50003 SET collation_connection  = @saved_col_connection */ ;
/*!50003 SET @saved_cs_client      = @@character_set_client */ ;
/*!50003 SET @saved_cs_results     = @@character_set_results */ ;
/*!50003 SET @saved_col_connection = @@collation_connection */ ;
/*!50003 SET character_set_client  = utf8 */ ;
/*!50003 SET character_set_results = utf8 */ ;
/*!50003 SET collation_connection  = utf8_general_ci */ ;
/*!50003 SET @saved_sql_mode       = @@sql_mode */ ;
/*!50003 SET sql_mode              = 'STRICT_TRANS_TABLES,NO_AUTO_CREATE_USER,NO_ENGINE_SUBSTITUTION' */ ;
DELIMITER ;;
/*!50003 CREATE*/ /*!50017 DEFINER=`root`@`localhost`*/ /*!50003 TRIGGER bitacorauploc AFTER UPDATE ON direclocal
FOR EACH ROW INSERT INTO bitacora(host, usuario, operacion, modificado, tabla) VALUES (SUBSTRING(USER(), (INSTR(USER(),'@')+1)), SUBSTRING(USER(),1,(instr(user(),'@')-1)), "ACTUALIZAR", NOW(), "DIRECLOCAL") */;;
DELIMITER ;
/*!50003 SET sql_mode              = @saved_sql_mode */ ;
/*!50003 SET character_set_client  = @saved_cs_client */ ;
/*!50003 SET character_set_results = @saved_cs_results */ ;
/*!50003 SET collation_connection  = @saved_col_connection */ ;
/*!50003 SET @saved_cs_client      = @@character_set_client */ ;
/*!50003 SET @saved_cs_results     = @@character_set_results */ ;
/*!50003 SET @saved_col_connection = @@collation_connection */ ;
/*!50003 SET character_set_client  = utf8 */ ;
/*!50003 SET character_set_results = utf8 */ ;
/*!50003 SET collation_connection  = utf8_general_ci */ ;
/*!50003 SET @saved_sql_mode       = @@sql_mode */ ;
/*!50003 SET sql_mode              = 'STRICT_TRANS_TABLES,NO_AUTO_CREATE_USER,NO_ENGINE_SUBSTITUTION' */ ;
DELIMITER ;;
/*!50003 CREATE*/ /*!50017 DEFINER=`root`@`localhost`*/ /*!50003 TRIGGER bitacoradelloc AFTER DELETE ON direclocal
FOR EACH ROW INSERT INTO bitacora(host, usuario, operacion, modificado, tabla) VALUES (SUBSTRING(USER(), (INSTR(USER(),'@')+1)), SUBSTRING(USER(),1,(instr(user(),'@')-1)), "ELIMINAR", NOW(), "DIRECLOCAL") */;;
DELIMITER ;
/*!50003 SET sql_mode              = @saved_sql_mode */ ;
/*!50003 SET character_set_client  = @saved_cs_client */ ;
/*!50003 SET character_set_results = @saved_cs_results */ ;
/*!50003 SET collation_connection  = @saved_col_connection */ ;

--
-- Table structure for table `materiascursadas`
--

DROP TABLE IF EXISTS `materiascursadas`;
/*!40101 SET @saved_cs_client     = @@character_set_client */;
/*!40101 SET character_set_client = utf8 */;
CREATE TABLE `materiascursadas` (
  `num_control` char(8) NOT NULL,
  `nombre` varchar(25) DEFAULT NULL,
  `clave` char(10) NOT NULL,
  PRIMARY KEY (`clave`),
  KEY `num_control` (`num_control`),
  CONSTRAINT `materiascursadas_ibfk_1` FOREIGN KEY (`num_control`) REFERENCES `datosescolares` (`matricula`)
) ENGINE=InnoDB DEFAULT CHARSET=utf8;
/*!40101 SET character_set_client = @saved_cs_client */;

--
-- Dumping data for table `materiascursadas`
--

LOCK TABLES `materiascursadas` WRITE;
/*!40000 ALTER TABLE `materiascursadas` DISABLE KEYS */;
/*!40000 ALTER TABLE `materiascursadas` ENABLE KEYS */;
UNLOCK TABLES;
/*!50003 SET @saved_cs_client      = @@character_set_client */ ;
/*!50003 SET @saved_cs_results     = @@character_set_results */ ;
/*!50003 SET @saved_col_connection = @@collation_connection */ ;
/*!50003 SET character_set_client  = utf8 */ ;
/*!50003 SET character_set_results = utf8 */ ;
/*!50003 SET collation_connection  = utf8_general_ci */ ;
/*!50003 SET @saved_sql_mode       = @@sql_mode */ ;
/*!50003 SET sql_mode              = 'STRICT_TRANS_TABLES,NO_AUTO_CREATE_USER,NO_ENGINE_SUBSTITUTION' */ ;
DELIMITER ;;
/*!50003 CREATE*/ /*!50017 DEFINER=`root`@`localhost`*/ /*!50003 TRIGGER bitacoraincur AFTER INSERT ON materiascursadas
FOR EACH ROW INSERT INTO bitacora(host, usuario, operacion, modificado, tabla) VALUES (SUBSTRING(USER(), (INSTR(USER(),'@')+1)), SUBSTRING(USER(),1,(instr(user(),'@')-1)), "INSERTAR", NOW(), "MATERIASCURSADAS") */;;
DELIMITER ;
/*!50003 SET sql_mode              = @saved_sql_mode */ ;
/*!50003 SET character_set_client  = @saved_cs_client */ ;
/*!50003 SET character_set_results = @saved_cs_results */ ;
/*!50003 SET collation_connection  = @saved_col_connection */ ;
/*!50003 SET @saved_cs_client      = @@character_set_client */ ;
/*!50003 SET @saved_cs_results     = @@character_set_results */ ;
/*!50003 SET @saved_col_connection = @@collation_connection */ ;
/*!50003 SET character_set_client  = utf8 */ ;
/*!50003 SET character_set_results = utf8 */ ;
/*!50003 SET collation_connection  = utf8_general_ci */ ;
/*!50003 SET @saved_sql_mode       = @@sql_mode */ ;
/*!50003 SET sql_mode              = 'STRICT_TRANS_TABLES,NO_AUTO_CREATE_USER,NO_ENGINE_SUBSTITUTION' */ ;
DELIMITER ;;
/*!50003 CREATE*/ /*!50017 DEFINER=`root`@`localhost`*/ /*!50003 TRIGGER bitacoraupcur AFTER UPDATE ON materiascursadas
FOR EACH ROW INSERT INTO bitacora(host, usuario, operacion, modificado, tabla) VALUES (SUBSTRING(USER(), (INSTR(USER(),'@')+1)), SUBSTRING(USER(),1,(instr(user(),'@')-1)), "ACTUALIZAR", NOW(), "MATERIASCURSADAS") */;;
DELIMITER ;
/*!50003 SET sql_mode              = @saved_sql_mode */ ;
/*!50003 SET character_set_client  = @saved_cs_client */ ;
/*!50003 SET character_set_results = @saved_cs_results */ ;
/*!50003 SET collation_connection  = @saved_col_connection */ ;
/*!50003 SET @saved_cs_client      = @@character_set_client */ ;
/*!50003 SET @saved_cs_results     = @@character_set_results */ ;
/*!50003 SET @saved_col_connection = @@collation_connection */ ;
/*!50003 SET character_set_client  = utf8 */ ;
/*!50003 SET character_set_results = utf8 */ ;
/*!50003 SET collation_connection  = utf8_general_ci */ ;
/*!50003 SET @saved_sql_mode       = @@sql_mode */ ;
/*!50003 SET sql_mode              = 'STRICT_TRANS_TABLES,NO_AUTO_CREATE_USER,NO_ENGINE_SUBSTITUTION' */ ;
DELIMITER ;;
/*!50003 CREATE*/ /*!50017 DEFINER=`root`@`localhost`*/ /*!50003 TRIGGER bitacoradelcur AFTER DELETE ON materiascursadas
FOR EACH ROW INSERT INTO bitacora(host, usuario, operacion, modificado, tabla) VALUES (SUBSTRING(USER(), (INSTR(USER(),'@')+1)), SUBSTRING(USER(),1,(instr(user(),'@')-1)), "ELIMINAR", NOW(), "MATERIASCURSADAS") */;;
DELIMITER ;
/*!50003 SET sql_mode              = @saved_sql_mode */ ;
/*!50003 SET character_set_client  = @saved_cs_client */ ;
/*!50003 SET character_set_results = @saved_cs_results */ ;
/*!50003 SET collation_connection  = @saved_col_connection */ ;

--
-- Table structure for table `materiascursar`
--

DROP TABLE IF EXISTS `materiascursar`;
/*!40101 SET @saved_cs_client     = @@character_set_client */;
/*!40101 SET character_set_client = utf8 */;
CREATE TABLE `materiascursar` (
  `num_control` char(8) NOT NULL,
  `nombre` varchar(25) DEFAULT NULL,
  `clave` char(10) NOT NULL,
  PRIMARY KEY (`clave`),
  KEY `num_control` (`num_control`),
  CONSTRAINT `materiascursar_ibfk_1` FOREIGN KEY (`num_control`) REFERENCES `datosescolares` (`matricula`)
) ENGINE=InnoDB DEFAULT CHARSET=utf8;
/*!40101 SET character_set_client = @saved_cs_client */;

--
-- Dumping data for table `materiascursar`
--

LOCK TABLES `materiascursar` WRITE;
/*!40000 ALTER TABLE `materiascursar` DISABLE KEYS */;
/*!40000 ALTER TABLE `materiascursar` ENABLE KEYS */;
UNLOCK TABLES;
/*!50003 SET @saved_cs_client      = @@character_set_client */ ;
/*!50003 SET @saved_cs_results     = @@character_set_results */ ;
/*!50003 SET @saved_col_connection = @@collation_connection */ ;
/*!50003 SET character_set_client  = utf8 */ ;
/*!50003 SET character_set_results = utf8 */ ;
/*!50003 SET collation_connection  = utf8_general_ci */ ;
/*!50003 SET @saved_sql_mode       = @@sql_mode */ ;
/*!50003 SET sql_mode              = 'STRICT_TRANS_TABLES,NO_AUTO_CREATE_USER,NO_ENGINE_SUBSTITUTION' */ ;
DELIMITER ;;
/*!50003 CREATE*/ /*!50017 DEFINER=`root`@`localhost`*/ /*!50003 TRIGGER bitacoraincurs AFTER INSERT ON materiascursar
FOR EACH ROW INSERT INTO bitacora(host, usuario, operacion, modificado, tabla) VALUES (SUBSTRING(USER(), (INSTR(USER(),'@')+1)), SUBSTRING(USER(),1,(instr(user(),'@')-1)), "INSERTAR", NOW(), "MATERIASCURSAR") */;;
DELIMITER ;
/*!50003 SET sql_mode              = @saved_sql_mode */ ;
/*!50003 SET character_set_client  = @saved_cs_client */ ;
/*!50003 SET character_set_results = @saved_cs_results */ ;
/*!50003 SET collation_connection  = @saved_col_connection */ ;
/*!50003 SET @saved_cs_client      = @@character_set_client */ ;
/*!50003 SET @saved_cs_results     = @@character_set_results */ ;
/*!50003 SET @saved_col_connection = @@collation_connection */ ;
/*!50003 SET character_set_client  = utf8 */ ;
/*!50003 SET character_set_results = utf8 */ ;
/*!50003 SET collation_connection  = utf8_general_ci */ ;
/*!50003 SET @saved_sql_mode       = @@sql_mode */ ;
/*!50003 SET sql_mode              = 'STRICT_TRANS_TABLES,NO_AUTO_CREATE_USER,NO_ENGINE_SUBSTITUTION' */ ;
DELIMITER ;;
/*!50003 CREATE*/ /*!50017 DEFINER=`root`@`localhost`*/ /*!50003 TRIGGER bitacoraupcurs AFTER UPDATE ON materiascursar
FOR EACH ROW INSERT INTO bitacora(host, usuario, operacion, modificado, tabla) VALUES (SUBSTRING(USER(), (INSTR(USER(),'@')+1)), SUBSTRING(USER(),1,(instr(user(),'@')-1)), "ACTUALIZAR", NOW(), "MATERIASCURSAR") */;;
DELIMITER ;
/*!50003 SET sql_mode              = @saved_sql_mode */ ;
/*!50003 SET character_set_client  = @saved_cs_client */ ;
/*!50003 SET character_set_results = @saved_cs_results */ ;
/*!50003 SET collation_connection  = @saved_col_connection */ ;
/*!50003 SET @saved_cs_client      = @@character_set_client */ ;
/*!50003 SET @saved_cs_results     = @@character_set_results */ ;
/*!50003 SET @saved_col_connection = @@collation_connection */ ;
/*!50003 SET character_set_client  = utf8 */ ;
/*!50003 SET character_set_results = utf8 */ ;
/*!50003 SET collation_connection  = utf8_general_ci */ ;
/*!50003 SET @saved_sql_mode       = @@sql_mode */ ;
/*!50003 SET sql_mode              = 'STRICT_TRANS_TABLES,NO_AUTO_CREATE_USER,NO_ENGINE_SUBSTITUTION' */ ;
DELIMITER ;;
/*!50003 CREATE*/ /*!50017 DEFINER=`root`@`localhost`*/ /*!50003 TRIGGER bitacoradelcurs AFTER DELETE ON materiascursar
FOR EACH ROW INSERT INTO bitacora(host, usuario, operacion, modificado, tabla) VALUES (SUBSTRING(USER(), (INSTR(USER(),'@')+1)), SUBSTRING(USER(),1,(instr(user(),'@')-1)), "ELIMINAR", NOW(), "MATERIASCURSAR") */;;
DELIMITER ;
/*!50003 SET sql_mode              = @saved_sql_mode */ ;
/*!50003 SET character_set_client  = @saved_cs_client */ ;
/*!50003 SET character_set_results = @saved_cs_results */ ;
/*!50003 SET collation_connection  = @saved_col_connection */ ;

--
-- Table structure for table `materiasimpartidas`
--

DROP TABLE IF EXISTS `materiasimpartidas`;
/*!40101 SET @saved_cs_client     = @@character_set_client */;
/*!40101 SET character_set_client = utf8 */;
CREATE TABLE `materiasimpartidas` (
  `num_control` char(8) NOT NULL,
  `nombre` varchar(25) DEFAULT NULL,
  `clave` char(10) NOT NULL,
  PRIMARY KEY (`clave`),
  KEY `num_control` (`num_control`),
  CONSTRAINT `materiasimpartidas_ibfk_1` FOREIGN KEY (`num_control`) REFERENCES `datosescolares` (`matricula`)
) ENGINE=InnoDB DEFAULT CHARSET=utf8;
/*!40101 SET character_set_client = @saved_cs_client */;

--
-- Dumping data for table `materiasimpartidas`
--

LOCK TABLES `materiasimpartidas` WRITE;
/*!40000 ALTER TABLE `materiasimpartidas` DISABLE KEYS */;
/*!40000 ALTER TABLE `materiasimpartidas` ENABLE KEYS */;
UNLOCK TABLES;
/*!50003 SET @saved_cs_client      = @@character_set_client */ ;
/*!50003 SET @saved_cs_results     = @@character_set_results */ ;
/*!50003 SET @saved_col_connection = @@collation_connection */ ;
/*!50003 SET character_set_client  = utf8 */ ;
/*!50003 SET character_set_results = utf8 */ ;
/*!50003 SET collation_connection  = utf8_general_ci */ ;
/*!50003 SET @saved_sql_mode       = @@sql_mode */ ;
/*!50003 SET sql_mode              = 'STRICT_TRANS_TABLES,NO_AUTO_CREATE_USER,NO_ENGINE_SUBSTITUTION' */ ;
DELIMITER ;;
/*!50003 CREATE*/ /*!50017 DEFINER=`root`@`localhost`*/ /*!50003 TRIGGER bitacorainimp AFTER INSERT ON materiasimpartidas
FOR EACH ROW INSERT INTO bitacora(host, usuario, operacion, modificado, tabla) VALUES (SUBSTRING(USER(), (INSTR(USER(),'@')+1)), SUBSTRING(USER(),1,(instr(user(),'@')-1)), "INSERTAR", NOW(), "MATERIASIMPARTIDAS") */;;
DELIMITER ;
/*!50003 SET sql_mode              = @saved_sql_mode */ ;
/*!50003 SET character_set_client  = @saved_cs_client */ ;
/*!50003 SET character_set_results = @saved_cs_results */ ;
/*!50003 SET collation_connection  = @saved_col_connection */ ;
/*!50003 SET @saved_cs_client      = @@character_set_client */ ;
/*!50003 SET @saved_cs_results     = @@character_set_results */ ;
/*!50003 SET @saved_col_connection = @@collation_connection */ ;
/*!50003 SET character_set_client  = utf8 */ ;
/*!50003 SET character_set_results = utf8 */ ;
/*!50003 SET collation_connection  = utf8_general_ci */ ;
/*!50003 SET @saved_sql_mode       = @@sql_mode */ ;
/*!50003 SET sql_mode              = 'STRICT_TRANS_TABLES,NO_AUTO_CREATE_USER,NO_ENGINE_SUBSTITUTION' */ ;
DELIMITER ;;
/*!50003 CREATE*/ /*!50017 DEFINER=`root`@`localhost`*/ /*!50003 TRIGGER bitacoraupimp AFTER UPDATE ON materiasimpartidas
FOR EACH ROW INSERT INTO bitacora(host, usuario, operacion, modificado, tabla) VALUES (SUBSTRING(USER(), (INSTR(USER(),'@')+1)), SUBSTRING(USER(),1,(instr(user(),'@')-1)), "ACTUALIZAR", NOW(), "MATERIASIMPARTIDAS") */;;
DELIMITER ;
/*!50003 SET sql_mode              = @saved_sql_mode */ ;
/*!50003 SET character_set_client  = @saved_cs_client */ ;
/*!50003 SET character_set_results = @saved_cs_results */ ;
/*!50003 SET collation_connection  = @saved_col_connection */ ;
/*!50003 SET @saved_cs_client      = @@character_set_client */ ;
/*!50003 SET @saved_cs_results     = @@character_set_results */ ;
/*!50003 SET @saved_col_connection = @@collation_connection */ ;
/*!50003 SET character_set_client  = utf8 */ ;
/*!50003 SET character_set_results = utf8 */ ;
/*!50003 SET collation_connection  = utf8_general_ci */ ;
/*!50003 SET @saved_sql_mode       = @@sql_mode */ ;
/*!50003 SET sql_mode              = 'STRICT_TRANS_TABLES,NO_AUTO_CREATE_USER,NO_ENGINE_SUBSTITUTION' */ ;
DELIMITER ;;
/*!50003 CREATE*/ /*!50017 DEFINER=`root`@`localhost`*/ /*!50003 TRIGGER bitacoradelimp AFTER DELETE ON materiasimpartidas
FOR EACH ROW INSERT INTO bitacora(host, usuario, operacion, modificado, tabla) VALUES (SUBSTRING(USER(), (INSTR(USER(),'@')+1)), SUBSTRING(USER(),1,(instr(user(),'@')-1)), "ELIMINAR", NOW(), "MATERIASIMPARTIDAS") */;;
DELIMITER ;
/*!50003 SET sql_mode              = @saved_sql_mode */ ;
/*!50003 SET character_set_client  = @saved_cs_client */ ;
/*!50003 SET character_set_results = @saved_cs_results */ ;
/*!50003 SET collation_connection  = @saved_col_connection */ ;
/*!40103 SET TIME_ZONE=@OLD_TIME_ZONE */;

/*!40101 SET SQL_MODE=@OLD_SQL_MODE */;
/*!40014 SET FOREIGN_KEY_CHECKS=@OLD_FOREIGN_KEY_CHECKS */;
/*!40014 SET UNIQUE_CHECKS=@OLD_UNIQUE_CHECKS */;
/*!40101 SET CHARACTER_SET_CLIENT=@OLD_CHARACTER_SET_CLIENT */;
/*!40101 SET CHARACTER_SET_RESULTS=@OLD_CHARACTER_SET_RESULTS */;
/*!40101 SET COLLATION_CONNECTION=@OLD_COLLATION_CONNECTION */;
/*!40111 SET SQL_NOTES=@OLD_SQL_NOTES */;

-- Dump completed on 2014-05-12 22:45:40
